{
    "services": [
        {
            "name": "Nordic UART",
            "uuid": "6e400001-b5a3-f393-e0a9-e50e24dcca9e",
            "icon": "",
            "characteristics": [
                {
                    "name": "tx",
                    "uuid": "6e400003-b5a3-f393-e0a9-e50e24dcca9e"
                },
                {
                    "name": "rx",
                    "uuid": "6e400002-b5a3-f393-e0a9-e50e24dcca9e"
                }
            ]
        },
        {
            "name": "DFU Target",
            "uuid": "2",
            "icon": ""
        }
    ]
}
